﻿--CREATE DATABASE SALEMANAGEMENT
--USE SALEMANAGEMENT

use Merchanizer

drop table EODetail
drop table ExportOrder
drop table IODetail
drop table ImportOrder
drop table Promotion
drop table Employee
drop table Customer
drop table Product
drop table Category
drop table Supplier
drop table Account

--------------------------------------

CREATE TABLE Category(
IdCa varchar(4),
NameCa nvarchar(256),
CreatdTime datetime,
UpdatedTime datetime,
primary key(IdCa),
)
insert into Category(IdCa,NameCa,CreatdTime,UpdatedTime) values
('Ca01','Nước Giải Khát','',''),
('Ca02','Bánh Kẹo','',''),
('Ca03','Thức ăn nhanh','',''),
('Ca04','Sữa','','')

CREATE TABLE Customer(
IdCus varchar(4),
NameCus nvarchar(256),
Gender varchar(3),
Phone text,
Identify text,
Address nvarchar(256),
Email text,
Birthday datetime,
LastVisitedTime datetime,
CreatedTime datetime,
UpdatedTime datetime,
primary key (IdCus),

)

insert into Customer(IdCus,NameCus,Gender,Phone,Identify,Address,Email,Birthday,LastVisitedTime,CreatedTime,UpdatedTime) values 
('C01',N'Nguyễn Văn An','Nam', '01223288411','0102912827',N'Nhà Bè, TPHCM','nguyenvanan@gmail.com','05/12/1890','','',''),
('C02',N'Nguyễn Ái Châu',N'Nữ', '01223288421','0102912832',N'Quận 8, TPHCM','nguyenaichau@gmail.com','05/11/1892','','',''),
('C03',N'Nguyễn Văn Tài','Nam', '01223232411','0102232827',N'Quận 7, TPHCM','nguyenvantai@gmail.com','05/04/1990','','',''),
('C04',N'Võ Văn Hùng','Nam', '01223288422','0102920002',N'Quận 9, TPHCM','vovanhung@gmail.com','06/10/1990','','',''),
('C05',N'Cao Ngọc Như Quỳnh',N'Nữ', '0589868880','0102923299',N'Cần Giuộc, Long An','caongocnhuquynh@gmail.com','06/03/1997','','',''),
('C06',N'Nguyễn Văn Ninh','Nam', '01227283288','0102326272',N'Cần Giuộc, Long An','nguyenvanninh@gmail.com','12/02/1997','','',''),
('C07',N'Phan Thị An Nhiên',N'Nữ', '01273288201','0102954932',N'Nhà Bè, TPHCM','ptan@gmail.com','05/12/1990','','',''),
('C08',N'Trần Hồng Ngọc',N'Nữ', '01223282938','0127278399',N'Quận 9, TPHCM','thn@gmail.com','01/02/1991','','',''),
('C09',N'Nguyễn Văn Hậu','Nam', '01213288232','0102383828',N'Châu Thành, Tiền Giang','nvhau@gmail.com','12/02/1890','','',''),
('C10',N'Lê Trung Hiếu','Nam', '01223229828','2328328289',N'Quận 1, TPHCM','lthieu@gmail.com','05/10/1992','','','')



------------------------------------

CREATE TABLE Supplier(
IdSup varchar(4),
Name nvarchar(256),
address nvarchar(256),
Phone text,
Taxcode int,
CreatedTime datetime,
UpdatedTime datetime,
primary key (IdSup),
)

insert into Supplier(IdSup,Name,address,Phone,Taxcode,CreatedTime,UpdatedTime) values
('S01',N'CTTNHH An Thành',N'Quận 7, TPHCM','0926326711','1122','',''),
('S02',N'CTTNHH Tân Hiệp Phát',N'Quận Bình Tân, TPHCM','0823662718','1452','',''),
('S03',N'CTCP Bibica',N'Quận 10, TPHCM','092982434','1392','',''),
('S04',N'CTCP Nước Giải Khát Chương Dương',N'Quận 8, TPHCM','0922224211','1432','',''),
('S05',N'CTTNHH TopCake',N'Cần Giuộc, Long An','0928388911','1299','','')


------------------------------------

CREATE TABLE Product(
IdPro varchar(4),
NamePro nvarchar(256),
Price money,
Quantity int,
Image image,
ImageUrl text,
Category varchar(4),
CreatedTime datetime,
UpdatedTime datetime,
primary key(IdPro),
CONSTRAINT FK_PRO_CATE FOREIGN KEY (Category) REFERENCES Category(IdCa),
)
insert into Product(IdPro,NamePro,Price,Quantity,ImageUrl,Category, CreatedTime,UpdatedTime) values
('P01','CoCa','8000','1000','https://www.myamericanmarket.com/873-large_default/coca-cola-classic.jpg','Ca01','',''),
('P02','PepSi','9000','1000','https://target.scene7.com/is/image/Target/GUEST_26aa6df7-2fdf-4b4b-9f3b-d2ea31b5d685?wid=488&hei=488&fmt=pjpeg','Ca01','',''),
('P21','Lavie','6000','2000','https://nuocsuoilavie.com.vn/wp-content/uploads/2016/01/Lavie-350ml.png','Ca01','',''),
('P03','Aquatina','6000','1500','https://anbinhphat.com/wp-content/uploads/2018/04/aquafina-500ml.jpg','Ca01','',''),
('P04','Sting','10000','1000','https://sc02.alicdn.com/kf/UTB8GrR2g22JXKJkSanrq6y3lVXaN/Sting-Strawberry-Energy-Drink-330ml-Can.jpg_350x350.jpg','Ca01','',''),
('P05','Olong','8000','1500','','Ca01','',''),
('P06','Numberone','9000','1000','','Ca01','',''),
('P07',N'Sữa Milo','6000','1500','','Ca04','',''),
('P08',N'Sữa ông thọ mini','2000','500','','Ca04','',''),
('P09',N'Sữa Vinamilk','5500','2000','','Ca04','',''),
('P10',N'Sữa chua Vinamilk','6500','2200','','Ca04','',''),
('P11',N'Kẹo bốn mùa','5000','1000','','Ca02','',''),
('P12',N'Kẹo Chuppachup','2000','2000','','Ca02','',''),
('P13',N'Kẹo Sugus','4000','2000','','Ca02','',''),
('P14',N'Kẹo Oishi','6000','2000','','Ca02','',''),
('P15',N'Mì Omachi','8000','1000','','Ca03','',''),
('P16',N'Mì Hảo Hảo','4000','2000','','Ca03','',''),
('P17',N'Mì Gấu đỏ','4000','1000','','Ca03','',''),
('P18',N'Mì Aone','6000','1000','','Ca03','',''),
('P19',N'Mì ly Modern','7000','1500','','Ca03','',''),
('P20',N'Mì ly Cung Đình','7000','1000','','Ca03','','')
--------------------------------------
----------------------------------------

CREATE TABLE Promotion(
IdProm varchar(4),
NameProm text,
Description text,
DiscountValue int,
DiscountedProduct varchar(4),
DiscountType text,
StartTime date,
EndTime date,
CreatedTime datetime,
UpdatedTime datetime,
primary key(IdProm),
CONSTRAINT FK_PROM_PRO FOREIGN KEY (DiscountedProduct) REFERENCES Product(IdPro),
)
insert into Promotion(IdProm,NameProm,Description,DiscountValue,DiscountedProduct,DiscountType,StartTime,EndTime,CreatedTime,UpdatedTime) values
('Pr1',N'Khuyến mãi dịp hè','','10','P04','','06/01/2019','06/15/2019','','')

CREATE TABLE Employee(
IdEm varchar(4),
NameEm nvarchar(256),
Phone text,
Indentify text,
Address text,
Role text,
CreatedTime datetime,
UpdatedTime datetime,
primary key (IdEm),
)
insert into Employee(IdEm,NameEm,Phone,Indentify,Address,Role,CreatedTime,UpdatedTime) values
('E01',N'Cao Ngọc Quỳnh Như','0923726652','0293876252',N'Cần Giuộc, Long An',N'Nhân viên','',''),
('E02',N'Lâm Cao Lãnh','0948726652','0293439252',N'Quận 7, TPHCM',N'Nhân viên','',''),
('E03',N'Nguyễn Ngọc Quang Vinh','0927467282','0293873729',N'Quận 7, TPHCM',N'Admin','','')

------------------------------------

CREATE TABLE ExportOrder(
IdEO varchar(4),
IdCus varchar(4) null,
TotalAmount int,
TotalDiscount money,
TotalCost money,
[Status] varchar(1),
CreatedBy varchar(4),
CreatedTime datetime,
UpdatedTime datetime,
primary key(IdEO),
CONSTRAINT FK_EO_EM FOREIGN KEY (CreatedBy) REFERENCES Employee(IdEm),
CONSTRAINT FK_EO_CU FOREIGN KEY (IdCus) REFERENCES Customer(IdCus),
)
insert into ExportOrder(IdEO,TotalAmount,TotalDiscount,TotalCost,CreatedBy,[Status],CreatedTime,UpdatedTime,IdCus) values
('Ex1','5','','160000','E01','1','20190511','','C01'),
('Ex2','3','','180000','E01','1','20190511','','C02'),
('Ex3','11','','520000','E02','2','20190612','','C03'),
('Ex4','3','','130000','E02','1','20190612','','C01'),
('Ex5','5','','250000','E03','1','20190712','','C03'),
('Ex6','7','','750000','E03','1','20190713','','C04'),
('Ex7','9','','353000','E02','2','20190714','','C05'),
('Ex8','9','','353000','E03','1','20190314','','C02'),
('Ex9','13','','363000','E02','1','20190214','','C01'),
('Ex10','4','','553000','E01','2','20190214','','C04'),
('Ex11','16','','353000','E01','1','20190314','','C04'),
('Ex12','8','','653000','E02','1','20190514','','C01'),
('Ex13','2','','153000','E03','1','20190614','','C02'),
('Ex14','12','','854000','E03','1','20190714','','C02'),
('Ex15','23','','1353000','E02','2','20190414','','C01')

------------------------------------

CREATE TABLE EODetail(
IdEO varchar(4),
InfoProduct varchar(4),
Amount int,
Discount money,
Cost money,
AppliedPromotions varchar(4) null,
CreatedTime datetime,
UpdatedTime datetime,
primary key(IdEO,InfoProduct),
CONSTRAINT FK_EOD_EO FOREIGN KEY (IdEO) REFERENCES ExportOrder(IdEO),
--CONSTRAINT FK_EOD_PROM FOREIGN KEY (AppliedPromotions) REFERENCES Promotion(IdProm),
CONSTRAINT FK_EOD_PRO FOREIGN KEY (InfoProduct) REFERENCES Product(IdPro),
)
insert into EODetail(IdEO,InfoProduct,Amount,Discount,Cost,AppliedPromotions,CreatedTime,UpdatedTime) values
('Ex1','P01','2','','16000','','',''),
('Ex1','P02','3','','12000','','',''),
('Ex2','P01','3','','18000','','',''),
('Ex3','P01','1','','1000000','','',''),
('Ex3','P04','4','','150000','','',''),
('Ex3','P06','1','','100000','','',''),
('Ex4','P05','2','','10000','','',''),
('Ex5','P04','2','','10000','','',''),
('Ex6','P05','1','','10000','','',''),
('Ex6','P02','7','','10000','','',''),
('Ex7','P07','4','','10000','','',''),
('Ex7','P02','7','','10000','','',''),
('Ex8','P03','5','','10000','','',''),
('Ex9','P05','2','','10000','','','')
-------------------------------------

CREATE TABLE Account(
Username varchar(256),
Password varchar(256),
NameAc varchar(256),
Email varchar(256),
CreatedTime datetime,
UpdatedTime datetime,
primary key(Username),
)
insert into Account(Username,Password,NameAC,Email,CreatedTime,UpdatedTime) values 
('test001','Password1','Tester 001','test001@example.com','',''),
('test002','Password1','Tester 002','test002@example.com','',''),
('test003','Password1','Tester 003','test003@example.com','','')

-----------------------------------------

CREATE TABLE ImportOrder(
IdIO varchar(4),
TotalAmount int,
TotalCost money,
[Status] varchar(1),
CreatedBy varchar(4),
SuppliedBy varchar(4),
CreatedTime datetime,
UpdatedTime datetime,
primary key(IdIO),
CONSTRAINT FK_IO_Em FOREIGN KEY (CreatedBy) REFERENCES Employee(IdEm),
CONSTRAINT FK_IO_Sup FOREIGN KEY (SuppliedBy) REFERENCES Supplier(IdSup),
)
insert into ImportOrder(IdIO,TotalAmount,TotalCost,[Status],CreatedBy,SuppliedBy,CreatedTime,UpdatedTime) values
('I01','200','720000','1','E02','S02','20190414',''),
('I02','55','640000','1','E02','S03','20190514',''),
('I03','50','640000','1','E03','S03','20190614',''),
('I04','75','740000','1','E01','S01','20190714',''),
('I05','52','140000','2','E03','S02','20190214',''),
('I06','35','280000','1','E01','S03','20190314',''),
('I07','42','440000','1','E02','S04','20190214',''),
('I08','15','220000','2','E03','S03','20190314','')
--------------------------------------------------

CREATE TABLE IODetail(
IdIO varchar(4),
InfoProduct varchar(4),
Amount int,
Cost money,
Primary key (IdIO,InfoProduct),
CreatedTime datetime,
UpdatedTime datetime,
CONSTRAINT FK_IOD_PRO FOREIGN KEY (InfoProduct) REFERENCES Product(IdPro),
CONSTRAINT FK_IOD_IO FOREIGN KEY (IdIO) REFERENCES ImportOrder(IdIO),
)
insert into IODetail(IdIO,InfoProduct,Amount,Cost,CreatedTime,UpdatedTime) values
('I01','P05','200','10000000','',''),
('I02','P04','500','34000000','','')